{"cameraMode":{"drawMode":0,"name":"Shaded","section":"Shading Mode"},"sceneLighting":true,"audioPlay":false,"sceneViewState":{"showFog":true,"showMaterialUpdate":true,"showSkybox":true,"showFlares":true,"showImageEffects":true,"showParticleSystems":true},"in2DMode":false,"pivot":{"x":-27.263683319091798,"y":-70.51753997802735,"z":-151.45823669433595},"rotation":{"x":-0.009569697082042694,"y":0.9623681902885437,"z":-0.2697773873806,"w":-0.034391552209854129},"size":211.28482055664063,"orthographic":false}